<?xml version="1.0" encoding="UTF-8" ?>
<!-- DOCTYPE이 sqlMap은 처리할 SQL 명령을 기억하는 xml 파일이다. -->
<!DOCTYPE sqlMap PUBLIC "-//iBATIS.com//DTD SQL Map 2.0//EN" "http://www.ibatis.com/dtd/sql-map-2.dtd">
<!--sqlmap태그 내부에 실행할 sql 명령문을 작성한다 -->
<!-- namespace는 작업공간을 의미한다 ibatis는 namespace를 생략할 수 있고 쓴다면 아무거나 쓰면 된다 
     mybatis는 namespace를 생략할 수 없고 쓴다면 아무거나 쓰면 된다
     spring에서 mybatis를 사용할 경우 namespace를 생략할 수 없고 반드시 mapper로 사용되는 interface이름을 써야 한다
-->
<sqlMap namespace="kr.koreait.vo.GuestbookVO">
	<!-- id : SQL 명령을 식별한다. -->
	<!-- parameterClass : SQL 명령으로 전달되는 데이터의 타입을 적는다. -->
	<!-- resultClass : SQL 명령문에 의해 출력되는 데이터의 타입을 적는다. -->
	
	<!--테이블에 글 1건을 저장한다  -->
	<insert parameterClass="kr.koreait.vo.GuestbookVO" id="insert">
	<!-- nextval : 시퀀스 값을 1증가 시킨다 (currval : 현재 시퀀스 값을 의미) -->
	insert into guestbook(idx,name,password,memo,ip) values(guestbook_idx_seq.nextval,#name#,#password#,#memo#,#ip#)
	</insert>
	
	<!--테이블에 저징된 전체 글의 개수를 얻어 온다 -->
	<select id="selectCount" resultClass="int">
	select count(*) from guestbook 
	</select>
	
	<!-- 1페이지 분량의 글 목록을 얻어온다. -->
    <select parameterClass="java.util.HashMap" id="selectList" resultClass="kr.koreait.vo.GuestbookVO">
    <!-- <![CDATA[ ~ ]]> 사이에 입력한 내용은 무조건 문자열로 취급된다. 쿼리 작성시 부등호가 나올 때 태그로 인식하면 안되기 때문에 부등호를 사용하는 쿼리는 <![CDATA[ ~ ]]> 사이에 쿼리를 작성해야 한다. -->
    <!-- rownum와 rnum 사이에 ","를 찍으면 안되고 rnum 뒤에는 바로 "*"을 쓰면 안되고 반드시 별명을 지정하고 별명에 "."를 찍은 다음 "*"를 입력해야 한다. -->
    <![CDATA[
			select * from (
				select rownum rnum, TT.* from (
					select * from guestbook order by idx desc
				) TT where rownum <= #endNo#
			) where rnum >= #startNo#
	]]>
    </select>
    
    <!--테이블에 글 1건을 얻어 온다 -->
    <select id="selectByIdx" parameterClass="int" resultClass="kr.koreait.vo.GuestbookVO">
    select * from guestbook where idx=#idx#
    </select>
    
    <!--테이블에서 글 1건을 수정한다 -->
    <update id="update" parameterClass="kr.koreait.vo.GuestbookVO">
    update guestbook set name=#name#, memo=#memo# where idx=#idx#
    </update>
    
    <!--테이블에서 글1건을 삭제한다  -->
    <delete id="delete" parameterClass="int">
    delete from guestbook where idx=#idx#
    </delete>
    
    <!--내용에 검색어를 포함하는 글의 개수를 얻어 온다-->
    <select id="selectCountMemo" parameterClass="String" resultClass="int" >
    <!--ibatis 쿼리 부분일치(like) 조건 작성방법
        oracle : like '%'||#검색어#||'%'
        mssql : like '%'+#검색어#+'%'
        mysql : like concat('%', #검색어#, '%')  
    -->
    select count(*) from guestbook where memo like '%'||#item#||'%'
    </select>
    
    <!--이름에 검색어를 포함하는 글의 개수를 얻어 온다 -->
    <select id="selectCountName" parameterClass="String" resultClass="int">
    select count(*) from guestbook where name like '%'||#item#||'%'
    </select>
    
    <!--이름과 메모에 검색어를 포함하는 글의 개수를 얻어 온다-->
    <select id="selectCountNameMemo" parameterClass="String" resultClass="int">
    select count(*) from guestbook where name like '%'||#item#||'%' or memo like '%'||#item#||'%'
    </select>
    
    <!--카테고리 별 검색어를 포함하는 글의 개수를 얻어 온다-->
    <select id="selectCountMulti" parameterClass="kr.koreait.vo.Param" resultClass="int">
    <!--<isEqual> 태그를 사용해 sql 명령의 실행조건을 비교할 수 있다
    property 속성에는 parameterClass로 넘어 오는 조건을 비교할 키 또는 멤버변수의 이름을 적는다
    compareValue 속성에는 property속성에서 지정한 키 또는 멤버변수에 저장한 값과 비교할 값을 적는다  -->
    <!--<isEqual property="category" compareValue="이름"> 카테고리가 이름이면 select count(*) from guestbook where name like '%'||#item#||'%'</isEqual>
        <isEqual property="category" compareValue="내용"> 카테고리가 내용이면 select count(*) from guestbook where memo like '%'||#item#||'%'</isEqual>
        <isEqual property="category" compareValue="이름+내용"> 카테고리가 이름+내용이면 select count(*) from guestbook where name like '%'||#item#||'%' or memo like '%'||#item#||'%'</isEqual> -->
    select count(*) from guestbook where
    <isEqual compareValue="이름" property="category">
    name like '%'||#item#||'%'
    </isEqual>
    <isEqual compareValue="내용" property="category">
    memo like '%'||#item#||'%'
    </isEqual>
    <isEqual compareValue="이름+내용" property="category">
    name like '%'||#item#||'%' or memo like '%'||#item#||'%'
    </isEqual>
    </select>
    
    <!--memo에 검색어가 포함된 한 페이지 분량의 글 목록을 얻어 온다-->
    <select id="selectListMemo" parameterClass="kr.koreait.vo.Param" resultClass="kr.koreait.vo.GuestbookVO">
    <![CDATA[
			select * from (
				select rownum rnum, TT.* from (
					select * from guestbook where memo like '%'||#item#||'%' order by idx desc
				) TT where rownum <= #endNo#
			) where rnum >= #startNo#
	]]>
    </select>
    
    <!--name에 검색어가 포함된 한 페이지 분량의 글 목록을 얻어 온다-->
    <select id="selectListName" parameterClass="kr.koreait.vo.Param" resultClass="kr.koreait.vo.GuestbookVO">
    <![CDATA[
			select * from (
				select rownum rnum, TT.* from (
					select * from guestbook where name like '%'||#item#||'%' order by idx desc
				) TT where rownum <= #endNo#
			) where rnum >= #startNo#
	]]>
    </select>
    
    <!--name과 memo에 검색어가 포함된 한 페이지 분량의 글 목록을 얻어 온다-->
    <select id="selectListNameMemo" parameterClass="kr.koreait.vo.Param" resultClass="kr.koreait.vo.GuestbookVO">
    <![CDATA[
			select * from (
				select rownum rnum, TT.* from (
					select * from guestbook where name like '%'||#item#||'%' or memo like '%'||#item#||'%' order by idx desc
				) TT where rownum <= #endNo#
			) where rnum >= #startNo#
	]]>
    </select>
    
    <!--카테고리 별 검색어가 포함된 한 페이지 분량의 글을 얻어 온다-->
    <select id="selectListMulti" parameterClass="kr.koreait.vo.Param" resultClass="kr.koreait.vo.GuestbookVO">
    select * from (
				select rownum rnum, TT.* from (
					select * from guestbook where
					<isEqual compareValue="이름" property="category">
					name like '%'||#item#||'%'
                    </isEqual>
                    <isEqual compareValue="내용" property="category">
                    memo like '%'||#item#||'%'
                    </isEqual>
                    <isEqual compareValue="이름+내용" property="category">
                    name like '%'||#item#||'%' or memo like '%'||#item#||'%'
                    </isEqual>
                    order by idx
                    <![CDATA[		 
				) TT where rownum <= #endNo#
			) where rnum >= #startNo#
			]]>
    </select>
</sqlMap>