<?xml version="1.0" encoding="UTF-8"?>
<!-- DOCTYPE이 sqlMapConfig은 iBATIS의 환경을 설정하는 xml 파일이다. -->
<!DOCTYPE sqlMapConfig PUBLIC "-//iBATIS.com//DTD SQL Map Config 2.0//EN"
"http://www.ibatis.com/dtd/sql-map-config-2.dtd">
<sqlMapConfig>
<!--데이터베이스 연결정보가 저장된 properties파일의 위치를 지정  -->
	<properties resource="kr/koreait/ibatis/db.properties" />
	<settings 
		cacheModelsEnabled="true" 
		enhancementEnabled="true"
		lazyLoadingEnabled="true" 
		maxRequests="32" 
		maxSessions="10"
		maxTransactions="5" 
		useStatementNamespaces="false" 
	/>
	<typeAlias alias="person" type="my.ibatis.Person" />
	<transactionManager type="JDBC">
		<dataSource type="SIMPLE">
			<property name="JDBC.Driver" value="${driver}" />
			<property name="JDBC.ConnectionURL" value="${url}" />
			<property name="JDBC.Username" value="${username}" />
			<property name="JDBC.Password" value="${password}" />
		</dataSource>
	</transactionManager>
	<!--데이터베이스와 연결한 후 실행할 sql 명령이 저장된 xml파일의 위치를 지정-->
	<sqlMap resource="kr/koreait/ibatis/guestbook.xml"/>
</sqlMapConfig>






