<?xml version="1.0" encoding="UTF-8" ?>
<!DOCTYPE mapper PUBLIC "-//mybatis.org//DTD Mapper 3.0//EN" "http://mybatis.org/dtd/mybatis-3-mapper.dtd">
<mapper namespace="kr.koreait.vo.FlightVO">
<!--전체 항공의 개수를 얻어 온다-->
<select id="selectTotalCount" resultType="int">
select count(*) from customerFlight
</select>

<!--고객이 선택한 루트에 맞는 in항공리스트를 얻어 온다-->
<select id="selectInFlightList" parameterType="kr.koreait.vo.FlightVO" resultType="kr.koreait.vo.FlightVO">
select * from flight where startingPoint = #{startingPoint} and destination = #{destination} and departureYear = #{departureYear} and departureMonth = #{departureMonth} and departureDate = #{departureDate} order by idx desc
</select>

<!--고객이 선택한 루트에 맞는 out항공리스트를 얻어 온다-->
<select id="selectOutFlightList" parameterType="kr.koreait.vo.FlightVO" resultType="kr.koreait.vo.FlightVO">
select * from flight where startingPoint = #{startingPoint} and destination = #{destination} and departureYear = #{departureYear} and departureMonth = #{departureMonth} and departureDate = #{departureDate} order by idx desc
</select>

<!--고객이 선택한 루트에 맞는 in/out항공을 저장한다-->
<!--출발날짜와 도착날짜는 같다고 가정한다-->
<insert id="insertCustomerFlight" parameterType="kr.koreait.vo.FlightVO">
insert into customerFlight(idx, startingPoint, destination, departureYear, departureMonth, departureDate, arriveYear, arriveMonth, arriveDate)
values (customerFlight_idx_seq.nextval, #{startingPoint}, #{destination}, #{departureYear}, #{departureMonth}, #{departureDate}, #{departureYear}, #{departureMonth}, #{departureDate})
</insert>

<!--고객이 선택한 루트에 맞는 in/out항공을 한 페이지 분량 얻어 온다 -->
<select id="selectCustomerFlight" parameterType="java.util.HashMap" resultType="kr.koreait.vo.FlightVO">
<![CDATA[
			select * from (
				select rownum rnum, TT.* from (
					select * from customerflight order by idx desc
				) TT where rownum <= #{endNo}
			) where rnum >= #{startNo}
]]>
</select>

<!--고객이 선택한 항공의 idx에 해당하는 항공 한건을 얻어 온다-->
<select id="selectFlightVO" parameterType="int" resultType="kr.koreait.vo.FlightVO">
select * from customerflight where idx = #{idx}
</select>
</mapper>