<?xml version="1.0" encoding="UTF-8" ?>
<!DOCTYPE mapper PUBLIC "-//mybatis.org//DTD Mapper 3.0//EN" "http://mybatis.org/dtd/mybatis-3-mapper.dtd">
<mapper namespace="kr.koreait.vo.HotelVO">
<!--고객이 선택한 루트에 맞는 호텔리스트를 얻어 온다-->
<select id="selectHotelList" parameterType="kr.koreait.vo.HotelVO" resultType="kr.koreait.vo.HotelVO">
select * from hotel where city = #{city} and checkInYear = #{checkInYear} and checkInMonth = #{checkInMonth} and checkInDate = #{checkInDate} and checkOutYear = #{checkOutYear} and checkOutMonth = #{checkOutMonth} and checkOutDate = #{checkOutDate}
</select>

<!--고객이 선택한 루트에 맞는 호텔을 저장한다 -->
<insert id="insertCustomerHotel" parameterType="kr.koreait.vo.HotelVO">
insert into customerHotel(idx, city, checkInYear, checkInMonth, checkInDate, checkOutYear, checkOutMonth, checkOutDate)
values (customerHotel_idx_seq.nextval, #{city}, #{checkInYear}, #{checkInMonth}, #{checkInDate}, #{checkOutYear}, #{checkOutMonth}, #{checkOutDate})
</insert>

<!--customerHotel 테이블의 전체 개수를 얻어 온다-->
<select id="selectTotalCount2" resultType="int">
select count(*) from customerHotel
</select>

<!--고객이 선택한 루트에 맞는 호텔을 한 페이지 분량 얻어 온다-->
<select id="selectCustomerHotel" parameterType="java.util.HashMap" resultType="kr.koreait.vo.HotelVO">
<![CDATA[
			select * from (
				select rownum rnum, TT.* from (
					select * from customerhotel order by idx desc
				) TT where rownum <= #{endNo}
			) where rnum >= #{startNo}
]]>
</select>

<!--고객이 선책한 호텔의 idx에 해당하는 호텔 한 건을 얻어 온다-->
<select id="selectHotelVO" parameterType="int" resultType="kr.koreait.vo.HotelVO">
select * from customerHotel where idx = #{idx}
</select>
</mapper>