<?xml version="1.0" encoding="UTF-8" ?>
<!DOCTYPE mapper PUBLIC "-//mybatis.org//DTD Mapper 3.0//EN" "http://mybatis.org/dtd/mybatis-3-mapper.dtd">
<mapper namespace="kr.koreait.vo.NationalityCategoryVO">
<!--continent를 저장한다-->
<insert id="continentInsert" parameterType="kr.koreait.vo.NationalityCategoryVO">
insert into nationalityCategory(idx,name,ref,lev,seq) 
values (category_idx_seq.nextval,#{name},category_idx_seq.currval,0,0)
</insert>

<!--테이블의 모든 카테고리 목록을 그룹의 내림차순으로 같은 그룹에서는 순서의 오름차순으로 얻어 온다-->
<select id="selectNationalityCategoryList" resultType="kr.koreait.vo.NationalityCategoryVO">
select * from nationalityCategory order by ref desc, seq asc
</select>

<!--ref가 contientRef와 같고 lev은 0보다 큰 카테고리 목록을 순서의 오름차순으로 얻어 온다 -->
<select id="selectNationalityCategoryList2" parameterType="int" resultType="kr.koreait.vo.NationalityCategoryVO">
<![CDATA[
select * from nationalityCategory where ref = #{continentRef} and lev > 0 order by seq asc
]]>
</select>

<!--같은 카테고리 그룹에서 카테고리 출력순서를 조정하기 위해 seq를 수정 -->
<update id="increment" parameterType="java.util.HashMap">
<!-- ref, seq는 category 테이블의 필드이고 #{ref}, #{seq}는 HashMap 객체에 저장되서 넘어온 값이다. -->
<!-- 새로 삽입되는 서브 카테고리는 부모 카테고리 바로 아래에 삽입되고 나머지는 출력순서가 1씩 밀린다-->
<![CDATA[
update nationalityCategory set seq=seq+1 where ref = #{ref} and seq >= #{seq}
]]>
</update>

<!--travelDestination을 저장한다-->
<insert id="travelDestinationInsert" parameterType="kr.koreait.vo.NationalityCategoryVO">
insert into nationalityCategory(idx,name,ref,lev,seq) 
values (category_idx_seq.nextval,#{name},#{ref},#{lev},#{seq})
</insert>

<!--name이 continent인 카테고리의 ref를 얻어 온다-->
<select id="selectContinentRef" parameterType="java.lang.String" resultType="int">
select ref from nationalityCategory where name = #{continent}
</select>
</mapper>