<?xml version="1.0" encoding="UTF-8" ?>
<!DOCTYPE mapper PUBLIC "-//mybatis.org//DTD Mapper 3.0//EN" "http://mybatis.org/dtd/mybatis-3-mapper.dtd">
<mapper namespace="kr.koreait.vo.TicketVO">
<!--고객이 선택한 루트에 맞는 티켓 리스트를 가져 온다 -->
<select id="selectTicketList" parameterType="kr.koreait.vo.TicketVO" resultType="kr.koreait.vo.TicketVO">
select * from ticket where city = #{city} and entranceYear =#{entranceYear} and entranceMonth = #{entranceMonth} and entranceDate = #{entranceDate} 
</select>

<!-- 고객이 선택한 루트에 맞는 티켓을 저장한다-->
<insert id="insertCustomerTicket" parameterType="kr.koreait.vo.TicketVO">
insert into customerTicket(idx, city, entranceYear, entranceMonth, entranceDate)
values (customerTicket_idx_seq.nextval, #{city}, #{entranceYear}, #{entranceMonth}, #{entranceDate})
</insert>

<!-- customerTicket 테이블의 전체 개수를 얻어 온다-->
<select id="selectTotalCount4" resultType="int">
select count(*) from customerTicket
</select>

<!--고객이 선택한 루트에 맞는 티켓을 한 페이지 분량 얻어 온다-->
<select id="selectCustomerTicket" parameterType="java.util.HashMap" resultType="kr.koreait.vo.TicketVO">
<![CDATA[
			select * from (
				select rownum rnum, TT.* from (
					select * from customerticket order by idx desc
				) TT where rownum <= #{endNo}
			) where rnum >= #{startNo}
]]>
</select>
</mapper>