<?xml version="1.0" encoding="UTF-8" ?>
<!DOCTYPE mapper PUBLIC "-//mybatis.org//DTD Mapper 3.0//EN" "http://mybatis.org/dtd/mybatis-3-mapper.dtd">
<mapper namespace="kr.koreait.vo.TrafficVO">
<!--고객이 선택한 루트에 맞는 교통 목록을 얻어 온다-->
<select id="selectTrafficList" parameterType="kr.koreait.vo.TrafficVO" resultType="kr.koreait.vo.TrafficVO">
select * from traffic where startingPoint = #{startingPoint} and destination = #{destination} and departureYear = #{departureYear} and departureMonth = #{departureMonth} and departureDate = #{departureDate} and arriveYear = #{arriveYear} and arriveMonth = #{arriveMonth} and arriveDate = #{arriveDate}
</select>

<!--고객이 선택한 루트에 맞는 교통을 저장한다-->
<insert id="insertCustomerTraffic" parameterType="kr.koreait.vo.TrafficVO">
insert into customerTraffic(idx, startingPoint, destination, departureYear, departureMonth, departureDate, arriveYear,arriveMonth, arriveDate)
values (customerTraffic_idx_seq.nextval, #{startingPoint}, #{destination}, #{departureYear}, #{departureMonth}, #{departureDate}, #{arriveYear}, #{arriveMonth}, #{arriveDate})
</insert>

<!--고객이 선택한 루트에 맞는 교통을 한 페이지 분량 얻어 온다-->
<select id="selectCustomerTraffic" parameterType="java.util.HashMap" resultType="kr.koreait.vo.TrafficVO">
<![CDATA[
			select * from (
				select rownum rnum, TT.* from (
					select * from customerTraffic order by idx desc
				) TT where rownum <= #{endNo}
			) where rnum >= #{startNo}
]]>
</select>

<!--customerTraffic 테이블에서 전체 개수를 얻어 온다-->
<select id="selectTotalCount3" resultType="int">
select count(*) from customerTraffic
</select>
</mapper>